epoch,train_loss,val_loss,train_acc,val_acc
Best model test acc and loss at epoch 2:,47.494172494172496,0,,
Last model test acc and loss at epoch 4:,47.494172494172496,0,,
0,3.074031584361601,2.847551107406616,32.06481481481482,35.833333333333336
1,2.2918060058672753,2.619586279517726,52.98148148148148,43.916666666666664
2,1.9707188324110043,2.46781409414191,63.05555555555556,48.75
3,1.7561308413567627,2.672307152497141,70.98148148148148,44.25
4,1.5644744507659822,2.537870407104492,77.9074074074074,48.833333333333336
