epoch,train_loss,val_loss,train_acc,val_acc
Test acc and loss:,57.48,1.1975092887878418,,
0,1.5824537311087956,1.258373248577118,41.66888888888889,54.36
